,RMSE,MSE,MAE
Plain Ping,0.006683209278893489,4.466528626548803e-05,0.0034050069888851564
All Servers,0.006683209278893489,4.466528626548803e-05,0.0034050069888851564
5 sample Sampling Rate,0.007637923820052649,5.8337880280927646e-05,0.00294134620520824
10 sample Sampling Rate,0.01025944285117064,0.00010525616761643634,0.003614293011045707
20 sample Sampling Rate,0.01414477135303459,0.00020007455662962798,0.004982654565507044
