,RMSE,MSE,MAE
Plain Ping,0.006683209278893489,4.466528626548803e-05,0.0034050069888851564
All Servers,0.006683209278893489,4.466528626548803e-05,0.0034050069888851564
5 sample Sampling Rate,0.007637923820052649,5.8337880280927646e-05,0.00294134620520824
10 sample Sampling Rate,0.0027568371615070797,7.6001511350664124e-06,0.0011902208488618862
20 sample Sampling Rate,0.0027756616881717206,7.704297807184286e-06,0.0013574267031064402
