,RMSE 0,MSE 0,MAE 0,RMSE 1,MSE 1,MAE 1,RMSE 2,MSE 2,MAE 2,RMSE 3,MSE 3,MAE 3,RMSE 4,MSE 4,MAE 4,RMSE 5,MSE 5,MAE 5,RMSE 6,MSE 6,MAE 6,RMSE 7,MSE 7,MAE 7,RMSE 8,MSE 8,MAE 8,RMSE 9,MSE 9,MAE 9
Plain Ping,,,,,,,,,,,,,,,,,,,,,,,,,,,,,,
All Servers,,,,,,,,,,,,,,,,,,,,,,,,,,,,,,
5 sample Sampling Rate,,,,,,,,,,,,,,,,,,,,,,,,,,,,,,
10 sample Sampling Rate,,,,,,,,,,,,,,,,,,,,,,,,,,,,,,
20 sample Sampling Rate,0.0010598288248545905,1.1232371379926623e-06,0.0008874996836200095,0.0013992840423253498,1.9579958311063716e-06,0.0011216543666183107,0.0009228432466724468,8.516396579289425e-07,0.0006499017637251577,0.0006173487791275335,3.8111951509025623e-07,0.0004745915339650003,0.0011537706414468166,1.3311866930645987e-06,0.0009084578286786691,0.0011427303943479447,1.3058327541666093e-06,0.0009345387167751055,0.0032978607296943315,1.087588539246003e-05,0.0024875541538833647,0.001265488002400851,1.601459884220496e-06,0.0009348515806687701,0.0006064303449447796,3.677577632698443e-07,0.0004711087687271945,0.001938478455231766,3.7576987213977336e-06,0.0013059154506415204
