,RMSE 0,MSE 0,MAE 0,RMSE 1,MSE 1,MAE 1,RMSE 2,MSE 2,MAE 2,RMSE 3,MSE 3,MAE 3,RMSE 4,MSE 4,MAE 4,RMSE 5,MSE 5,MAE 5,RMSE 6,MSE 6,MAE 6,RMSE 7,MSE 7,MAE 7,RMSE 8,MSE 8,MAE 8,RMSE 9,MSE 9,MAE 9
Plain Ping,,,,,,,,,,,,,,,,,,,,,,,,,,,,,,
All Servers,,,,,,,,,,,,,,,,,,,,,,,,,,,,,,
5 sample Sampling Rate,,,,,,,,,,,,,,,,,,,,,,,,,,,,,,
10 sample Sampling Rate,,,,,,,,,,,,,,,,,,,,,,,,,,,,,,
20 sample Sampling Rate,0.0015227154180973918,2.3186622445115145e-06,0.0010524603483341988,0.0022966464083879878,5.274584725161444e-06,0.0015603867101360517,0.0022352985178390656,4.996559463853524e-06,0.0016471478722504072,0.0016309355020009079,2.659950611686953e-06,0.0011407653198146426,0.0011817772832220916,1.3965975471397875e-06,0.0008373230837627689,0.001690959613382367,2.8593444140902436e-06,0.0012860439314874691,0.0014090452670438478,1.985408564578668e-06,0.0010136177109316337,0.0012802377282565254,1.639008640851429e-06,0.0008173771775300043,0.002039694928043688,4.1603553994871444e-06,0.0016730829070529874,0.0013238648843894617,1.752618232119523e-06,0.0009660287664527427
